x,y,dir,length,zone,score,level
11,10,1,2,3,0,1
12,10,1,2,3,0,1
13,10,1,2,3,0,1
14,10,1,2,3,0,1
15,10,1,2,3,0,1
16,10,1,2,3,0,1
17,10,1,2,3,0,1
18,10,1,2,3,0,1
19,10,1,2,3,0,1
20,10,1,2,3,0,1
10,11,1,2,3,0,1
10,12,1,2,3,0,1
9,12,2,2,2,0,1
8,12,2,2,2,0,1
7,12,2,2,2,0,1
6,12,2,2,2,0,1
5,12,2,2,2,0,1
4,12,2,2,2,0,1
4,11,0,2,2,0,1
4,10,0,2,2,0,1
4,9,0,2,0,0,1
4,8,0,2,0,0,1
4,7,0,2,0,0,1
4,6,0,2,0,0,1
4,5,0,3,0,1,1
5,5,3,3,0,1,1
6,5,3,3,0,1,1
7,5,3,3,0,1,1
8,5,3,3,0,1,1
9,5,3,3,0,1,1
10,5,3,3,1,1,1
11,5,3,3,1,1,1
12,5,3,3,1,1,1
13,5,3,3,1,1,1
14,5,3,3,1,1,1
14,6,1,3,1,1,1
14,7,1,3,1,1,1
14,8,1,3,1,1,1
14,9,1,3,1,1,1
14,10,1,3,3,1,1
14,11,1,3,3,1,1
14,12,1,3,3,1,1
14,13,1,3,3,1,1
14,14,1,4,3,2,1
14,15,1,4,3,2,1
14,16,1,4,3,2,1
14,17,1,4,3,2,1
14,18,1,4,3,2,1
13,18,2,4,3,2,1
12,18,2,4,3,2,1
11,18,2,4,3,2,1
10,18,2,4,3,2,1
9,18,2,4,2,2,1
9,17,0,4,2,2,1
9,16,0,4,2,2,1
9,15,0,4,2,2,1
9,14,0,4,2,2,1
9,13,0,4,2,2,1
8,13,2,4,2,2,1
7,13,2,5,2,3,1
6,13,2,5,2,3,1
6,12,0,5,2,3,1
6,11,0,5,2,3,1
6,10,0,5,2,3,1
6,9,0,5,0,3,1
7,9,3,5,0,3,1
8,9,3,5,0,3,1
9,9,3,5,0,3,1
10,9,3,5,1,3,1
11,9,3,5,1,3,1
12,9,3,5,1,3,1
13,9,3,5,1,3,1
13,10,1,5,3,3,1
13,11,1,5,3,3,1
13,12,1,5,3,3,1
13,13,1,5,3,3,1
12,13,2,5,3,3,1
11,13,2,5,3,3,1
10,13,2,5,3,3,1
10,12,0,5,3,3,1
10,11,0,5,3,3,1
9,11,2,5,2,3,1
8,11,2,5,2,3,1
7,11,2,5,2,3,1
6,11,2,5,2,3,1
5,11,2,5,2,3,1
4,11,2,5,2,3,1
4,10,0,5,2,3,1
4,9,0,5,0,3,1
5,9,3,5,0,3,1
6,9,3,5,0,3,1
7,9,3,5,0,3,1
8,9,3,5,0,3,1
9,9,3,5,0,3,1
10,9,3,5,1,3,1
11,9,3,5,1,3,1
12,9,3,5,1,3,1
13,9,3,5,1,3,1
13,10,1,5,3,3,1
13,11,1,5,3,3,1
13,12,1,5,3,3,1
12,12,2,5,3,3,1
11,12,2,5,3,3,1
10,12,2,6,3,4,1
9,12,2,6,2,4,1
8,12,2,6,2,4,1
7,12,2,6,2,4,1
7,11,0,6,2,4,1
7,10,0,6,2,4,1
8,10,3,6,2,4,1
9,10,3,6,2,4,1
10,10,3,6,3,4,1
11,10,3,6,3,4,1
10,11,1,2,3,4,1
10,12,1,2,3,4,1
10,13,1,2,3,4,1
10,14,1,2,3,4,1
10,15,1,3,3,5,1
9,15,2,3,2,5,1
8,15,2,3,2,5,1
7,15,2,3,2,5,1
7,14,0,3,2,5,1
7,13,0,3,2,5,1
7,12,0,3,2,5,1
7,11,0,3,2,5,1
7,10,0,3,2,5,1
7,9,0,3,0,5,1
7,8,0,3,0,5,1
7,7,0,3,0,5,1
6,7,2,3,0,5,1
5,7,2,3,0,5,1
5,8,1,3,0,5,1
5,9,1,3,0,5,1
5,10,1,3,2,5,1
5,11,1,3,2,5,1
5,12,1,3,2,5,1
5,13,1,3,2,5,1
5,14,1,3,2,5,1
5,15,1,3,2,5,1
5,16,1,3,2,5,1
5,17,1,3,2,5,1
5,18,1,3,2,5,1
6,18,3,4,2,6,1
7,18,3,4,2,6,1
8,18,3,4,2,6,1
9,18,3,4,2,6,1
9,17,0,4,2,6,1
9,16,0,4,2,6,1
9,15,0,4,2,6,1
9,14,0,4,2,6,1
9,13,0,4,2,6,1
9,12,0,4,2,6,1
9,11,0,4,2,6,1
9,10,0,4,2,6,1
9,9,0,4,0,6,1
9,8,0,4,0,6,1
9,7,0,4,0,6,1
9,6,0,4,0,6,1
9,5,0,4,0,6,1
10,5,3,4,1,6,1
11,5,3,4,1,6,1
12,5,3,4,1,6,1
13,5,3,4,1,6,1
14,5,3,4,1,6,1
15,5,3,4,1,6,1
16,5,3,4,1,6,1
17,5,3,4,1,6,1
18,5,3,4,1,6,1
19,5,3,4,1,6,1
19,6,1,4,1,6,1
19,7,1,4,1,6,1
19,8,1,4,1,6,1
19,9,1,4,1,6,1
19,10,1,4,3,6,1
19,11,1,4,3,6,1
19,12,1,4,3,6,1
19,13,1,4,3,6,1
19,14,1,4,3,6,1
19,15,1,4,3,6,1
19,16,1,4,3,6,1
19,17,1,4,3,6,1
19,18,1,4,3,6,1
18,18,2,4,3,6,1
17,18,2,4,3,6,1
16,18,2,4,3,6,1
15,18,2,4,3,6,1
15,17,0,4,3,6,1
15,16,0,4,3,6,1
15,15,0,4,3,6,1
15,14,0,4,3,6,1
16,14,3,4,3,6,1
17,14,3,4,3,6,1
18,14,3,4,3,6,1
18,15,1,4,3,6,1
18,16,1,4,3,6,1
18,17,1,4,3,6,1
18,18,1,4,3,6,1
17,18,2,4,3,6,1
16,18,2,4,3,6,1
16,17,0,4,3,6,1
16,16,0,4,3,6,1
16,15,0,4,3,6,1
16,14,0,4,3,6,1
17,14,3,4,3,6,1
18,14,3,4,3,6,1
19,14,3,4,3,6,1
19,15,1,4,3,6,1
19,16,1,4,3,6,1
19,17,1,4,3,6,1
18,17,2,4,3,6,1
17,17,2,4,3,6,1
16,17,2,4,3,6,1
16,16,0,4,3,6,1
16,15,0,4,3,6,1
16,14,0,4,3,6,1
17,14,3,4,3,6,1
18,14,3,4,3,6,1
19,14,3,4,3,6,1
19,15,1,4,3,6,1
19,16,1,4,3,6,1
19,17,1,4,3,6,1
18,17,2,4,3,6,1
17,17,2,4,3,6,1
17,16,0,4,3,6,1
17,15,0,4,3,6,1
17,14,0,4,3,6,1
17,13,0,4,3,6,1
17,12,0,4,3,6,1
17,11,0,4,3,6,1
17,10,0,4,3,6,1
17,9,0,4,1,6,1
17,8,0,4,1,6,1
17,7,0,4,1,6,1
16,7,2,4,1,6,1
15,7,2,4,1,6,1
14,7,2,4,1,6,1
13,7,2,4,1,6,1
12,7,2,4,1,6,1
11,7,2,4,1,6,1
11,6,0,4,1,6,1
11,5,0,5,1,7,1
11,4,0,5,1,7,1
11,3,0,5,1,7,1
11,2,0,5,1,7,1
11,1,0,5,1,7,1
12,1,3,5,1,7,1
13,1,3,5,1,7,1
14,1,3,5,1,7,1
15,1,3,5,1,7,1
16,1,3,5,1,7,1
17,1,3,5,1,7,1
17,2,1,5,1,7,1
17,3,1,5,1,7,1
17,4,1,5,1,7,1
17,5,1,5,1,7,1
17,6,1,5,1,7,1
17,7,1,5,1,7,1
17,8,1,5,1,7,1
17,9,1,5,1,7,1
17,10,1,5,3,7,1
17,11,1,6,3,8,1
16,11,2,6,3,8,1
15,11,2,6,3,8,1
14,11,2,6,3,8,1
14,12,1,6,3,8,1
14,13,1,6,3,8,1
14,14,1,6,3,8,1
14,15,1,6,3,8,1
14,16,1,6,3,8,1
13,16,2,6,3,8,1
12,16,2,6,3,8,1
11,16,2,6,3,8,1
10,16,2,6,3,8,1
10,15,0,6,3,8,1
10,14,0,6,3,8,1
10,13,0,6,3,8,1
11,13,3,6,3,8,1
12,13,3,6,3,8,1
13,13,3,6,3,8,1
14,13,3,6,3,8,1
15,13,3,6,3,8,1
16,13,3,6,3,8,1
17,13,3,6,3,8,1
18,13,3,6,3,8,1
18,12,0,6,3,8,1
17,12,2,6,3,8,1
16,12,2,6,3,8,1
15,12,2,6,3,8,1
14,12,2,6,3,8,1
13,12,2,6,3,8,1
12,12,2,6,3,8,1
12,13,1,6,3,8,1
12,14,1,6,3,8,1
12,15,1,6,3,8,1
12,16,1,6,3,8,1
12,17,1,6,3,8,1
12,18,1,6,3,8,1
11,18,2,6,3,8,1
11,17,0,6,3,8,1
11,16,0,6,3,8,1
11,15,0,6,3,8,1
12,15,3,6,3,8,1
13,15,3,6,3,8,1
14,15,3,6,3,8,1
15,15,3,6,3,8,1
15,14,0,6,3,8,1
15,13,0,6,3,8,1
14,13,2,6,3,8,1
13,13,2,6,3,8,1
12,13,2,6,3,8,1
11,13,2,6,3,8,1
11,12,0,6,3,8,1
11,11,0,7,3,9,1
11,10,0,7,3,9,1
